<!DOCTYPE suite SYSTEM "https://testng.org/testng-1.0.dtd" >
<suite name="Smoke suite" parallel="tests" thread-count="2">

    <test name="chromeTest">
        <parameter name="browser" value="chrome"/>
        <classes>
            <class name="mainclasses.AboutLinksValidation"/>
            <class name="mainclasses.BugFromMyreportValadition"/>
            <class name="mainclasses.FactorialCountCheck"/>
            <class name="mainclasses.UiValidation"/>
            <class name="mainclasses.ValidationOfPageDetails"/>
        </classes>
    </test>

    <test name="edgeTest">
        <parameter name="browser" value="edge"/>
        <classes>
            <class name="mainclasses.AboutLinksValidation"/>
            <class name="mainclasses.BugFromMyreportValadition"/>
            <class name="mainclasses.FactorialCountCheck"/>
            <class name="mainclasses.UiValidation"/>
            <class name="mainclasses.ValidationOfPageDetails"/>
        </classes>
    </test>

</suite>